"date","ngn_per_usd","gdp_growth_monthly_interp","debt_service_monthly_interp","log_exr","log_exr_return","gdp_growth_m","debt_service_m"
1999-02-01,85.57,0.0271235999254502,0.807072820861136,4.44933475442996,0,0.0271235999254502,0.807072820861136
1999-03-01,86.6623,0.00439993786242362,0.741778579537138,4.46201895646269,0.0126842020327231,0.00439993786242362,0.741778579537138
1999-04-01,90.1929,-0.00939845581326469,0.685225393521344,4.50195071000151,0.0399317535388262,-0.00939845581326469,0.685225393521344
1999-05-01,94.3717,-0.0142715811016167,0.637413262813759,4.54724124007042,0.045290530068903,-0.0142715811016167,0.637413262813759
1999-06-01,94.4056,-0.0102194380026299,0.59834218741438,4.54760039342587,0.000359153355455888,-0.0102194380026299,0.59834218741438
1999-07-01,94.4056,0.00275797348369337,0.568012167323207,4.54760039342587,0,0.00275797348369337,0.568012167323207
1999-08-01,94.406,0.0246606533573541,0.546423202540242,4.54760463045368,4.23702780949498e-06,0.0246606533573541,0.546423202540242
1999-09-01,94.406,0.055488601618353,0.533575293065483,4.54760463045368,0,0.055488601618353,0.533575293065483
1999-10-01,94.4175,0.0952418182666881,0.529468438898931,4.54772643732639,0.000121806872705577,0.0952418182666881,0.529468438898931
1999-11-01,96.2605,0.143920303302362,0.534102640040586,4.567058058127,0.0193316208006173,0.143920303302362,0.534102640040586
1999-12-01,97.3891,0.201524056725372,0.547477896490447,4.57871429473521,0.0116562366082089,0.201524056725372,0.547477896490447
2000-01-01,98.4905,0.26805307853572,0.569594208248515,4.58996009682625,0.0112458020910404,0.26805307853572,0.569594208248515
2000-02-01,99.6274,0.325534714395327,0.594281124639399,4.60143722715898,0.0114771303327288,0.325534714395327,0.594281124639399
2000-03-01,100.6081,0.373968964304198,0.621538645663101,4.61123277132294,0.00979554416395345,0.373968964304198,0.621538645663101
2000-04-01,99.878,0.413355828262325,0.651366771319615,4.60394944118225,-0.00728333014068117,0.413355828262325,0.651366771319615
2000-05-01,100.145,0.443695306269714,0.683765501608947,4.6066191357532,0.00266969457094124,0.443695306269714,0.683765501608947
2000-06-01,101.329,0.464987398326362,0.718734836531094,4.61837264866585,0.0117535129126516,0.464987398326362,0.718734836531094
2000-07-01,104.829,0.477232104432271,0.756274776086057,4.65233045116495,0.0339578024991045,0.477232104432271,0.756274776086057
2000-08-01,102.385,0.480429424587439,0.796385320273835,4.62874021750052,-0.0235902336644278,0.480429424587439,0.796385320273835
2000-09-01,101.862,0.474579358791867,0.839066469094427,4.62361895605655,-0.00512126144397218,0.474579358791867,0.839066469094427
2000-10-01,102.977,0.459681907045555,0.884318222547837,4.63450566232339,0.0108867062668363,0.459681907045555,0.884318222547837
2000-11-01,102.051,0.435737069348505,0.932140580634064,4.62547268832592,-0.00903297399746616,0.435737069348505,0.932140580634064
2000-12-01,106.186,0.402744845700714,0.982533543353104,4.66519227337593,0.0397195850500118,0.402744845700714,0.982533543353104
2001-01-01,110.005,0.360705236102183,1.03549711070496,4.70052581930484,0.0353335459289106,0.360705236102183,1.03549711070496
2001-02-01,110.205,0.333931890140983,1.0787349410859,4.70234226774035,0.00181644843550632,0.333931890140983,1.0787349410859
2001-03-01,110.155,0.322424807817118,1.11224703449593,4.70188846486453,-0.000453802875822085,0.322424807817118,1.11224703449593
2001-04-01,113.2,0.326183989130582,1.13603339093504,4.72915616576908,0.0272677009045541,0.326183989130582,1.13603339093504
2001-05-01,113.07,0.345209434081376,1.15009401040323,4.72800709594715,-0.00114906982192853,0.345209434081376,1.15009401040323
2001-06-01,111.98,0.379501142669503,1.1544288929005,4.71832028392075,-0.00968681202640642,0.379501142669503,1.1544288929005
2001-07-01,111.35,0.429059114894962,1.14903803842686,4.71267839370338,-0.00564189021737072,0.429059114894962,1.14903803842686
2001-08-01,111.2,0.493883350757752,1.1339214469823,4.71133038181648,-0.00134801188689515,0.493883350757752,1.1339214469823
2001-09-01,110.11,0.573973850257874,1.10907911856682,4.7014798661255,-0.00985051569098161,0.573973850257874,1.10907911856682
2001-10-01,110.11,0.669330613395326,1.07451105318043,4.7014798661255,0,0.669330613395326,1.07451105318043
2001-11-01,111.49,0.77995364017011,1.03021725082312,4.71393490077948,0.0124550346539802,0.77995364017011,1.03021725082312
2001-12-01,111.9,0.905842930582227,0.976197711494898,4.71760561531788,0.00367071453839962,0.905842930582227,0.976197711494898
2002-01-01,113.5,1.04699848463167,0.912452435195757,4.73180283692146,0.0141972216035775,1.04699848463167,0.912452435195757
2002-02-01,114.3,1.16525107230754,0.854503519083309,4.73882657080077,0.00702373387930777,1.16525107230754,0.854503519083309
2002-03-01,115.54,1.26060069360983,0.802350963157554,4.74961679035312,0.0107902195523542,1.26060069360983,0.802350963157554
2002-04-01,115.63,1.33304734853855,0.755994767418493,4.75039543814087,0.000778647787750941,1.33304734853855,0.755994767418493
2002-05-01,116.04,1.38259103709368,0.715434931866124,4.7539349592532,0.0035395211123328,1.38259103709368,0.715434931866124
2002-06-01,118.045,1.40923175927523,0.680671456500448,4.77106590770018,0.0171309484469733,1.40923175927523,0.680671456500448
2002-07-01,124.137,1.4129695150832,0.651704341321465,4.8213857944296,0.0503198867294259,1.4129695150832,0.651704341321465
2002-08-01,125.0086,1.39380430451759,0.628533586329176,4.82838253493569,0.00699674050608756,1.39380430451759,0.628533586329176
2002-09-01,125.9653,1.35173612757841,0.611159191523579,4.83600647219741,0.00762393726172217,1.35173612757841,0.611159191523579
2002-10-01,126.055,1.28676498426564,0.599581156904676,4.83671831964611,0.000711847448699565,1.28676498426564,0.599581156904676
2002-11-01,126.329,1.19889087457929,0.593799482472466,4.83888961503447,0.00217129538836236,1.19889087457929,0.593799482472466
2002-12-01,126.388,1.08811379851937,0.593814168226949,4.83935654049712,0.000466925462648149,1.08811379851937,0.593814168226949
2003-01-01,126.5718,0.954433756085865,0.599625214168126,4.84080973608271,0.00145319558558565,0.954433756085865,0.599625214168126
2003-02-01,126.9844,0.837256083329218,0.600579506255683,4.84406424426813,0.00325450818542095,0.837256083329218,0.600579506255683
2003-03-01,130.352,0.736580780249427,0.596677044489621,4.87023848356829,0.0261742393001576,0.736580780249427,0.596677044489621
2003-04-01,126.983,0.652407846846492,0.58791782886994,4.84405321923106,-0.0261852643372293,0.652407846846492,0.58791782886994
2003-05-01,127.168,0.584737283120413,0.574301859396638,4.84550904692935,0.00145582769829478,0.584737283120413,0.574301859396638
2003-06-01,127.401,0.53356908907119,0.555829136069718,4.84733959240082,0.00183054547146888,0.53356908907119,0.555829136069718
2003-07-01,127.323,0.498903264698822,0.532499658889177,4.84672716481302,-0.000612427587803666,0.498903264698822,0.532499658889177
2003-08-01,127.605,0.480739810003311,0.504313427855017,4.84893955509596,0.00221239028294029,0.480739810003311,0.504313427855017
2003-09-01,128.174,0.479078724984657,0.471270442967238,4.8533887158059,0.0044491607099415,0.479078724984657,0.471270442967238
2003-10-01,129.276,0.493920009642858,0.433370704225839,4.86194965370006,0.00856093789415713,0.493920009642858,0.433370704225839
2003-11-01,136.107,0.525263663977916,0.39061421163082,4.91344134110482,0.0514916874047673,0.525263663977916,0.39061421163082
2003-12-01,136.723,0.573109687989829,0.343000965182183,4.91795698122312,0.00451564011830019,0.573109687989829,0.343000965182183
2004-01-01,135.5823,0.637458081678599,0.290530964879926,4.90957883601294,-0.00837814521018831,0.637458081678599,0.290530964879926
2004-02-01,134.655,0.69255301045967,0.254902392694418,4.90271595187676,-0.00686288413617397,0.69255301045967,0.254902392694418
2004-03-01,133.082,0.738394474333042,0.236115248625656,4.8909654795916,-0.0117504722851596,0.738394474333042,0.236115248625656
2004-04-01,132.99,0.774982473298713,0.234169532673641,4.89027393742507,-0.000691542166529224,0.774982473298713,0.234169532673641
2004-05-01,132.012,0.802317007356687,0.249065244838377,4.8828928275453,-0.00738110987977336,0.802317007356687,0.249065244838377
2004-06-01,132.25,0.820398076506959,0.280802385119857,4.88469407073841,0.00180124319310959,0.820398076506959,0.280802385119857
2004-07-01,132.299,0.829225680749533,0.329380953518086,4.88506451251336,0.000370441774948382,0.829225680749533,0.329380953518086
2004-08-01,132.329,0.828799820084408,0.394800950033063,4.88529124589099,0.000226733377635568,0.828799820084408,0.394800950033063
2004-09-01,132.345,0.819120494511582,0.477062374664787,4.88541214934218,0.000120903451184873,0.819120494511582,0.477062374664787
2004-10-01,132.382,0.800187704031058,0.57616522741326,4.88569168259901,0.000279533256834164,0.800187704031058,0.57616522741326
2004-11-01,132.372,0.772001448642834,0.692109508278478,4.88561614077525,-7.55418237661232e-05,0.772001448642834,0.692109508278478
2004-12-01,132.358,0.734561728346911,0.824895217260445,4.88551037263402,-0.000105768141223983,0.734561728346911,0.824895217260445
2005-01-01,132.36,0.687868543143287,0.97452235435916,4.88552548305341,1.51104193903961e-05,0.687868543143287,0.97452235435916
2005-02-01,132.471,0.64560657369393,1.10607375963681,4.88636375354667,0.000838270493257021,0.64560657369393,1.10607375963681
2005-03-01,132.353,0.607775819998838,1.21954943309339,4.8854725955866,-0.000891157960073663,0.607775819998838,1.21954943309339
2005-04-01,132.353,0.574376282058008,1.31494937472891,4.8854725955866,0,0.574376282058008,1.31494937472891
2005-05-01,132.32,0.545407959871444,1.39227358454335,4.88522323127538,-0.000249364311214251,0.545407959871444,1.39227358454335
2005-06-01,132.368,0.520870853439143,1.45152206253673,4.88558592244783,0.000362691172446361,0.520870853439143,1.45152206253673
2005-07-01,132.37,0.500764962761106,1.49269480870905,4.88560103172568,1.51092778519768e-05,0.500764962761106,1.49269480870905
2005-08-01,131.75,0.485090287837334,1.51579182306029,4.88090618742147,-0.00469484430420763,0.485090287837334,1.51579182306029
2005-09-01,129.02,0.473846828667827,1.52081310559047,4.8599674311041,-0.020938756317376,0.473846828667827,1.52081310559047
2005-10-01,129.54,0.467034585252584,1.50775865629958,4.86398971375477,0.00402228265067528,0.467034585252584,1.50775865629958
2005-11-01,129.387,0.464653557591605,1.47662847518763,4.86280791334147,-0.00118180041329996,0.464653557591605,1.47662847518763
2005-12-01,129,0.466703745684891,1.42742256225461,4.85981240436167,-0.00299550897979906,0.466703745684891,1.42742256225461
2006-01-01,130.29,0.473185149532439,1.36014091750052,4.86976273521484,0.00995033085316788,0.473185149532439,1.36014091750052
2006-02-01,129.59,0.479505733630592,1.2918064669554,4.86437562044732,-0.00538711476751708,0.479505733630592,1.2918064669554
2006-03-01,128.7,0.485665497979347,1.22241921061924,4.85748411460208,-0.00689150584524167,0.485665497979347,1.22241921061924
2006-04-01,128.47,0.491664442578707,1.15197914849204,4.85569541404352,-0.00178870055856262,0.491664442578707,1.15197914849204
2006-05-01,128.45,0.497502567428668,1.0804862805738,4.85553972355589,-0.000155690487625648,0.497502567428668,1.0804862805738
2006-06-01,128.46,0.503179872529232,1.00794060686453,4.85561757182965,7.78482737535668e-05,0.503179872529232,1.00794060686453
2006-07-01,128.38,0.5086963578804,0.934342127364226,4.85499461588363,-0.000622955946014692,0.5086963578804,0.934342127364226
2006-08-01,128.33,0.51405202348217,0.859690842072882,4.85460507125637,-0.000389544627261706,0.51405202348217,0.859690842072882
2006-09-01,128.29,0.519246869334543,0.783986750990502,4.85429332626125,-0.000311744995121543,0.519246869334543,0.783986750990502
2006-10-01,128.28,0.524280895437517,0.707229854117084,4.85421537482495,-7.7951436294299e-05,0.524280895437517,0.707229854117084
2006-11-01,128.29,0.529154101791098,0.629420151452631,4.85429332626125,7.7951436294299e-05,0.529154101791098,0.629420151452631
2006-12-01,128.29,0.533866488395279,0.550557642997141,4.85429332626125,0,0.533866488395279,0.550557642997141
2007-01-01,128.2772,0.538418055250063,0.470642328750615,4.85419354733385,-9.97789273968763e-05,0.538418055250063,0.470642328750615
2007-02-01,128.2687,0.542370251211783,0.397708492809204,4.85412728238865,-6.62649452056741e-05,0.542370251211783,0.397708492809204
2007-03-01,128.1513,0.545723076280439,0.331756135172912,4.8532115971207,-0.000915685267943722,0.545723076280439,0.331756135172912
2007-04-01,127.9814,0.548476530456028,0.272785255841735,4.85188494086073,-0.00132665625996964,0.548476530456028,0.272785255841735
2007-05-01,127.5596,0.550630613738555,0.220795854815677,4.8485837063577,-0.00330123450303343,0.550630613738555,0.220795854815677
2007-06-01,127.109,0.552185326128014,0.175787932094733,4.84504498607399,-0.0035387202837045,0.552185326128014,0.175787932094733
2007-07-01,127.1859,0.553140667624409,0.137761487678906,4.84564979570521,0.000604809631212788,0.553140667624409,0.137761487678906
2007-08-01,126.6753,0.55349663822774,0.106716521568196,4.84162711962442,-0.00402267608079221,0.55349663822774,0.106716521568196
2007-09-01,125.8826,0.553253237938006,0.0826530337626032,4.83534972657458,-0.00627739304983788,0.553253237938006,0.0826530337626032
2007-10-01,124.276,0.552410466755205,0.0655710242621266,4.82250489861905,-0.0128448279555249,0.552410466755205,0.0655710242621266
2007-11-01,120.1206,0.550968324679341,0.0554704930667673,4.78849623810765,-0.0340086605114029,0.550968324679341,0.0554704930667673
2007-12-01,118.2097,0.548926811710412,0.0523514401765237,4.77246016590271,-0.0160360722049413,0.548926811710412,0.0523514401765237
2008-01-01,117.98,0.546285927848418,0.0562138655913968,4.77051511857493,-0.00194504732777911,0.546285927848418,0.0562138655913968
2008-02-01,118.21,0.54496975447842,0.0599382264451578,4.77246270376229,0.00194758518735672,0.54496975447842,0.0599382264451578
2008-03-01,117.92,0.544978291600414,0.0635245227378028,4.77000642844103,-0.00245627532125958,0.544978291600414,0.0635245227378028
2008-04-01,117.87,0.546311539214406,0.0669727544693369,4.76958232223848,-0.000424106202547847,0.546311539214406,0.0669727544693369
2008-05-01,117.83,0.548969497320392,0.0702829216397575,4.76924290772525,-0.000339414513229386,0.548969497320392,0.0702829216397575
2008-06-01,117.81,0.552952165918373,0.0734550242490635,4.76907315725803,-0.000169750467221341,0.552952165918373,0.0734550242490635
2008-07-01,117.77,0.55825954500835,0.0764890622972578,4.76873356985346,-0.000339587404570629,0.55825954500835,0.0764890622972578
2008-08-01,117.74,0.564891634590322,0.0793850357843377,4.76847880360012,-0.000254766253341643,0.564891634590322,0.0793850357843377
2008-09-01,117.73,0.572848434664288,0.0821429447103044,4.76839386709011,-8.49365100101807e-05,0.572848434664288,0.0821429447103044
2008-10-01,117.72,0.582129945230249,0.0847627890751583,4.76830892336527,-8.49437248326979e-05,0.582129945230249,0.0847627890751583
2008-11-01,117.74,0.592736166288207,0.0872445688788984,4.76847880360012,0.000169880234842879,0.592736166288207,0.0872445688788984
2008-12-01,126.48,0.604667097838158,0.089588284121525,4.84008419290122,0.0716053893011015,0.604667097838158,0.089588284121525
2009-01-01,145.78,0.617922739880106,0.091793934803039,4.98209863595407,0.14201444305285,0.617922739880106,0.091793934803039
2009-02-01,147.14,0.630304447469851,0.093450284216664,4.99138451450412,0.00928587855005159,0.630304447469851,0.093450284216664
2009-03-01,147.72,0.641812220607395,0.094557332362399,4.99531858998436,0.00393407548024438,0.641812220607395,0.094557332362399
2009-04-01,147.23,0.652446059292735,0.0951150792402438,4.99199598987732,-0.00332260010704566,0.652446059292735,0.0951150792402438
2009-05-01,147.84,0.662205963525873,0.0951235248501987,4.99613060789337,0.00413461801605663,0.662205963525873,0.0951235248501987
2009-06-01,148.2,0.671091933306811,0.0945826691922654,4.99856271286199,0.00243210496861224,0.671091933306811,0.0945826691922654
2009-07-01,148.59,0.679103968635546,0.0934925122664434,5.00119083526826,0.00262812240626964,0.679103968635546,0.0934925122664434
2009-08-01,151.86,0.686242069512079,0.0918530540727319,5.02295904378509,0.021768208516832,0.686242069512079,0.0918530540727319
2009-09-01,152.3,0.69250623593641,0.08966429461113,5.02585225990112,0.00289321611602844,0.69250623593641,0.08966429461113
2009-10-01,149.36,0.697896467908538,0.0869262338816384,5.00635949923347,-0.0194927606676485,0.697896467908538,0.0869262338816384
2009-11-01,150.85,0.702412765428465,0.0836388718842574,5.01628596560507,0.00992646637160277,0.702412765428465,0.0836388718842574
2009-12-01,149.69,0.70605512849619,0.0798022086189888,5.00856648892714,-0.00771947667792627,0.70605512849619,0.0798022086189888
2010-01-01,149.78,0.708823557111712,0.0754162440858288,5.00916755082122,0.000601061894077048,0.708823557111712,0.0754162440858288
2010-02-01,150.22,0.709219262042043,0.0713955897979796,5.01210088625787,0.00293333543664431,0.709219262042043,0.0713955897979796
2010-03-01,149.83,0.707242243287181,0.0677402457554394,5.00950131805505,-0.00259956820281282,0.707242243287181,0.0677402457554394
2010-04-01,149.89,0.702892500847128,0.0644502119582099,5.0099016917425,0.000400373687451605,0.702892500847128,0.0644502119582099
2010-05-01,150.31,0.69617003472188,0.0615254884062886,5.01269982814514,0.00279813640263082,0.69617003472188,0.0615254884062886
2010-06-01,150.19,0.687074844911439,0.0589660750996772,5.01190115921749,-0.000798668927645352,0.687074844911439,0.0589660750996772
2010-07-01,150.1,0.675606931415807,0.0567719720383763,5.01130173863942,-0.000599420578073939,0.675606931415807,0.0567719720383763
2010-08-01,150.27,0.661766294234982,0.0549431792223854,5.01243367603764,0.00113193739821948,0.661766294234982,0.0549431792223854
2010-09-01,151.03,0.645552933368964,0.0534796966517019,5.01747849257825,0.00504481654061451,0.645552933368964,0.0534796966517019
2010-10-01,151.25,0.626966848817754,0.0523815243263302,5.01893409691095,0.0014556043327012,0.626966848817754,0.0523815243263302
2010-11-01,150.22,0.60600804058135,0.0516486622462667,5.01210088625787,-0.00683321065308551,0.60600804058135,0.0516486622462667
2010-12-01,150.48,0.582676508659756,0.0512811104115156,5.01383018499277,0.0017292987349089,0.582676508659756,0.0512811104115156
2011-01-01,151.55,0.556972253052967,0.0512788688220701,5.02091560350381,0.00708541851103739,0.556972253052967,0.0512788688220701
2011-02-01,151.94,0.532396717143426,0.0515032059705241,5.02348570607508,0.00257010257126389,0.532396717143426,0.0515032059705241
2011-03-01,152.51,0.50894990093113,0.0519541218568732,5.02723016766809,0.00374446159301645,0.50894990093113,0.0519541218568732
2011-04-01,153.97,0.486631804416079,0.0526316164811192,5.03675777824183,0.00952761057373497,0.486631804416079,0.0526316164811192
2011-05-01,154.8,0.465442427598276,0.0535356898432616,5.04213396115563,0.00537618291379971,0.465442427598276,0.0535356898432616
2011-06-01,154.5,0.445381770477719,0.0546663419433017,5.0401940963378,-0.00193986481782638,0.445381770477719,0.0546663419433017
2011-07-01,151.86,0.426449833054407,0.0560235727812375,5.02295904378509,-0.0172350525527127,0.426449833054407,0.0560235727812375
2011-08-01,152.72,0.408646615328343,0.0576073823570701,5.02860617941749,0.0056471356324046,0.408646615328343,0.0576073823570701
2011-09-01,155.26,0.391972117299525,0.0594177706707997,5.04510113097753,0.0164949515600421,0.391972117299525,0.0594177706707997
2011-10-01,153.26,0.376426338967953,0.0614547377224263,5.03213582554226,-0.0129653054352765,0.376426338967953,0.0614547377224263
2011-11-01,155.77,0.362009280333627,0.0637182835119482,5.04838056033851,0.0162447347962562,0.362009280333627,0.0637182835119482
2011-12-01,158.21,0.348720941396547,0.066208408039367,5.06392326446097,0.0155427041224581,0.348720941396547,0.066208408039367
2012-01-01,158.39,0.336561322156714,0.0689251113046829,5.06506034607433,0.00113708161335691,0.336561322156714,0.0689251113046829
2012-02-01,157.87,0.327876524609008,0.0710949483071763,5.06177190954364,-0.00328843653069377,0.327876524609008,0.0710949483071763
2012-03-01,157.59,0.322666548753429,0.072717919046848,5.05999672363398,-0.00177518590965509,0.322666548753429,0.072717919046848
2012-04-01,157.33,0.320931394589978,0.0737940235236988,5.05834551025233,-0.0016512133816482,0.320931394589978,0.0737940235236988
2012-05-01,157.28,0.322671062118654,0.0743232617377273,5.05802765639886,-0.000317853853475825,0.322671062118654,0.0743232617377273
2012-06-01,157.44,0.327885551339458,0.0743056336889346,5.05904443330394,0.00101677690508684,0.327885551339458,0.0743056336889346
2012-07-01,157.43,0.336574862252389,0.0737411393773193,5.05898091502654,-6.35182774058052e-05,0.336574862252389,0.0737411393773193
2012-08-01,157.38,0.348738994857447,0.0726297788028826,5.05866326310684,-0.000317651919700346,0.348738994857447,0.0726297788028826
2012-09-01,157.34,0.364377949154633,0.0709715519656244,5.0584090689011,-0.000254194205740355,0.364377949154633,0.0709715519656244
2012-10-01,157.32,0.383491725143946,0.0687664588655431,5.05828194756361,-0.000127121337487601,0.383491725143946,0.0687664588655431
2012-11-01,157.31,0.406080322825386,0.0660144995026404,5.05821838083441,-6.35667291950526e-05,0.406080322825386,0.0660144995026404
2012-12-01,157.32,0.432143742198955,0.0627156738769165,5.05828194756361,6.35667291950526e-05,0.432143742198955,0.0627156738769165
2013-01-01,157.3,0.461681983264651,0.0588699819883713,5.05815481006423,-0.000127137499376317,0.461681983264651,0.0588699819883713
2013-02-01,157.3,0.488354113457927,0.0571130169557122,5.05815481006423,0,0.488354113457927,0.0571130169557122
2013-03-01,157.31,0.512160132778785,0.0574447787789389,5.05821838083441,6.35707701812649e-05,0.512160132778785,0.0574447787789389
2013-04-01,157.31,0.533100041227225,0.059865267458053,5.05821838083441,0,0.533100041227225,0.059865267458053
2013-05-01,157.3,0.551173838803246,0.0643744829930537,5.05815481006423,-6.35707701812649e-05,0.551173838803246,0.0643744829930537
2013-06-01,157.31,0.56638152550685,0.0709724253839412,5.05821838083441,6.35707701812649e-05,0.56638152550685,0.0709724253839412
2013-07-01,157.32,0.578723101338033,0.0796590946307152,5.05828194756361,6.35667291950526e-05,0.578723101338033,0.0796590946307152
2013-08-01,157.31,0.588198566296799,0.0904344907333755,5.05821838083441,-6.35667291950526e-05,0.588198566296799,0.0904344907333755
2013-09-01,157.32,0.594807920383147,0.103298613691922,5.05828194756361,6.35667291950526e-05,0.594807920383147,0.103298613691922
2013-10-01,157.42,0.598551163597074,0.118251463506355,5.0589173927143,0.000635445150694913,0.598551163597074,0.118251463506355
2013-11-01,157.27,0.599428295938584,0.135293040176676,5.05796407350263,-0.000953319211669523,0.599428295938584,0.135293040176676
2013-12-01,157.27,0.597439317407676,0.154423343702882,5.05796407350263,0,0.597439317407676,0.154423343702882
2014-01-01,157.2916,0.592584228004349,0.175642374084976,5.05810140749403,0.000137333991395927,0.592584228004349,0.175642374084976
2014-02-01,157.3075,0.586048807008599,0.194175514627077,5.05820248852073,0.000101081026700811,0.586048807008599,0.194175514627077
2014-03-01,157.3008,0.577833054420429,0.210022765329185,5.05815989587457,-4.25926461637971e-05,0.577833054420429,0.210022765329185
2014-04-01,157.2918,0.567936970239837,0.223184126191301,5.05810267901694,-5.72168576278287e-05,0.567936970239837,0.223184126191301
2014-05-01,157.2873,0.556360554466824,0.233659597213425,5.05807406936042,-2.86096565238481e-05,0.556360554466824,0.233659597213425
2014-06-01,157.2873,0.543103807101388,0.241449178395555,5.05807406936042,0,0.543103807101388,0.241449178395555
2014-07-01,157.2873,0.52816672814353,0.246552869737692,5.05807406936042,0,0.52816672814353,0.246552869737692
2014-08-01,157.2873,0.511549317593251,0.248970671239837,5.05807406936042,0,0.511549317593251,0.248970671239837
2014-09-01,157.3006,0.493251575450552,0.24870258290199,5.05815862442441,8.45550639922976e-05,0.493251575450552,0.24870258290199
2014-10-01,157.3141,0.47327350171543,0.24574860472415,5.05824444368211,8.58192577037897e-05,0.47327350171543,0.24574860472415
2014-11-01,159.9961,0.451615096387886,0.240108736706318,5.07514943993675,0.0169049962546399,0.451615096387886,0.240108736706318
2014-12-01,169.68,0.428276359467921,0.231782978848492,5.13391431025643,0.058764870319675,0.428276359467921,0.231782978848492
2015-01-01,169.68,0.403257290955535,0.220771331150674,5.13391431025643,0,0.403257290955535,0.220771331150674
2015-02-01,169.68,0.376357701570249,0.219750986859318,5.13391431025643,0,0.376357701570249,0.219750986859318
2015-03-01,197.0727,0.347577591312066,0.228721945974422,5.28357269619412,0.149658385937692,0.347577591312066,0.228721945974422
2015-04-01,197,0.316916960180985,0.247684208495988,5.28320372873799,-0.000368967456130243,0.316916960180985,0.247684208495988
2015-05-01,197,0.284375808177004,0.276637774424013,5.28320372873799,0,0.284375808177004,0.276637774424013
2015-06-01,196.9159,0.249954135300128,0.315582643758502,5.28277673403542,-0.00042699470256391,0.249954135300128,0.315582643758502
2015-07-01,196.9714,0.213651941550351,0.36451881649945,5.28305854053372,0.000281806498292347,0.213651941550351,0.36451881649945
2015-08-01,197,0.175469226927677,0.423446292646861,5.28320372873799,0.000145188204271562,0.175469226927677,0.423446292646861
2015-09-01,196.9975,0.135405991432106,0.492365072200733,5.28319103830214,-1.26904358532798e-05,0.135405991432106,0.492365072200733
2015-10-01,196.9886,0.0934622350636341,0.571275155161065,5.28314585904327,-4.51792588700428e-05,0.0934622350636341,0.571275155161065
2015-11-01,196.9914,0.0496379578222652,0.660176541527858,5.28316007296275,1.4213919488526e-05,0.0496379578222652,0.660176541527858
2015-12-01,196.9865,0.00393315970799829,0.759069231301112,5.28313519847106,-2.4874491692195e-05,0.00393315970799829,0.759069231301112
2016-01-01,197,-0.0436521592791665,0.867953224480829,5.28320372873799,6.85302669269916e-05,-0.0436521592791665,0.867953224480829
2016-02-01,197,-0.0840890273414972,0.960082734291204,5.28320372873799,0,-0.0840890273414972,0.960082734291204
2016-03-01,197,-0.117377444478991,1.03545776073224,5.28320372873799,0,-0.117377444478991,1.03545776073224
2016-04-01,197,-0.14351741069165,1.09407830380394,5.28320372873799,0,-0.14351741069165,1.09407830380394
2016-05-01,197,-0.162508925979474,1.1359443635063,5.28320372873799,0,-0.162508925979474,1.1359443635063
2016-06-01,231.7614,-0.174351990342463,1.16105593983931,5.44570839417464,0.162504665436653,-0.174351990342463,1.16105593983931
2016-07-01,294.5722,-0.179046603780617,1.16941303280299,5.68552413433485,0.239815740160204,-0.179046603780617,1.16941303280299
2016-08-01,309.7304,-0.176592766293934,1.16101564239732,5.73570224167103,0.0501781073361842,-0.176592766293934,1.16101564239732
2016-09-01,305.23,-0.166990477882417,1.13586376862232,5.72106559077876,-0.0146366508922693,-0.166990477882417,1.13586376862232
2016-10-01,305.21,-0.150239738546065,1.09395741147798,5.72100006427327,-6.55265054945176e-05,-0.150239738546065,1.09395741147798
2016-11-01,305.18,-0.126340548284876,1.03529657096429,5.72090176646359,-9.82978096759624e-05,-0.126340548284876,1.03529657096429
2016-12-01,305.22,-0.0952929070988531,0.95988124708127,5.72103282806273,0.000131061599138782,-0.0952929070988531,0.95988124708127
2017-01-01,305.202380952381,-0.0570968149879951,0.867711439828907,5.72097510066552,-5.77273972046655e-05,-0.0570968149879951,0.867711439828907
2017-02-01,305.3125,-0.0224873672808446,0.786278240970633,5.7213358422371,0.00036074157157806,-0.0224873672808446,0.786278240970633
2017-03-01,306.402173913043,0.00853543602259446,0.715581650506442,5.72489853285773,0.00356269062062342,0.00853543602259446,0.715581650506442
2017-04-01,306.052777777778,0.0359715949223269,0.655621668436342,5.723757563478,-0.00114096937972175,0.0359715949223269,0.655621668436342
2017-05-01,305.538095238095,0.0598211094183507,0.606398294760331,5.72207446883454,-0.00168309464346539,0.0598211094183507,0.606398294760331
2017-06-01,305.715,0.0800839795106649,0.567911529478406,5.72265329540645,0.000578826571913993,0.0800839795106649,0.567911529478406
2017-07-01,305.861904761905,0.0967602051992708,0.540161372590569,5.7231337084619,0.000480413055452544,0.0967602051992708,0.540161372590569
2017-08-01,305.667391304348,0.109849786484168,0.523147824096821,5.72249755426498,-0.000636154196922867,0.109849786484168,0.523147824096821
2017-09-01,305.886842105263,0.119352723365355,0.51687088399716,5.72321523651897,0.000717682253987384,0.119352723365355,0.51687088399716
2017-10-01,305.623809523809,0.125269015842836,0.521330552291587,5.72235496500293,-0.000860271516040179,0.125269015842836,0.521330552291587
2017-11-01,305.904545454545,0.127598663916605,0.536526828980101,5.72327311032905,0.00091814532612311,0.127598663916605,0.536526828980101
2017-12-01,306.313888888889,0.126341667586668,0.562459714062705,5.72461035688153,0.00133724655247569,0.126341667586668,0.562459714062705
2018-01-01,305.777272727273,0.121498026853021,0.599129207539395,5.72285697002432,-0.00175338685720838,0.121498026853021,0.599129207539395
2018-02-01,305.895,0.119387616770369,0.631778641365966,5.72324190581242,0.000384935788100726,0.119387616770369,0.631778641365966
2018-03-01,305.742857142857,0.120010437338712,0.660408015542417,5.72274441253759,-0.000497493274833616,0.120010437338712,0.660408015542417
2018-04-01,305.61,0.123366488558048,0.685017330068746,5.72230977927008,-0.000434633267501816,0.123366488558048,0.685017330068746
2018-05-01,305.82619047619,0.129455770428378,0.705606584944956,5.72301693559667,0.000707156326584801,0.129455770428378,0.705606584944956
2018-06-01,305.871052631579,0.138278282949704,0.722175780171047,5.72316361651104,0.000146680914373754,0.138278282949704,0.722175780171047
2018-07-01,305.814285714286,0.149834026122025,0.734724915747018,5.72297800827786,-0.000185608233179479,0.149834026122025,0.734724915747018
2018-08-01,306.057142857143,0.164122999945341,0.743253991672869,5.7237718258816,0.000793817603731206,0.164122999945341,0.743253991672869
2018-09-01,306.2725,0.181145204419649,0.747763007948599,5.72447522854795,0.00070340266635327,0.181145204419649,0.747763007948599
2018-10-01,306.505,0.200900639544953,0.748251964574211,5.72523406845691,0.000758839908961306,0.200900639544953,0.748251964574211
2018-11-01,306.711904761905,0.223389305321253,0.744720861549702,5.72590888602358,0.000674817566672203,0.223389305321253,0.744720861549702
2018-12-01,306.921052631579,0.248611201748547,0.737169698875075,5.72659055696466,0.000681670941082402,0.248611201748547,0.737169698875075
2019-01-01,306.845454545455,0.276566328826833,0.725598476550325,5.72634421544677,-0.000246341517897264,0.276566328826833,0.725598476550325
2019-02-01,306.768181818182,0.294193363831384,0.718560537284422,5.72609235426539,-0.000251861181376434,0.294193363831384,0.718560537284422
2019-03-01,306.923809523809,0.301492306762197,0.716055881077365,5.7265995393392,0.0005071850738112,0.301492306762197,0.716055881077365
2019-04-01,306.9625,0.298463157619272,0.718084507929149,5.72672559028916,0.00012605094996232,0.298463157619272,0.718084507929149
2019-05-01,306.95,0.285105916402608,0.724646417839778,5.72668486787351,-4.07224156591113e-05,0.285105916402608,0.724646417839778
2019-06-01,306.947058823529,0.261420583112207,0.735741610809251,5.72667528588764,-9.58198586786807e-06,0.261420583112207,0.735741610809251
2019-07-01,306.936956521739,0.227407157748068,0.751370086837567,5.72664237314993,-3.29127377103333e-05,0.227407157748068,0.751370086837567
2019-08-01,306.9325,0.18306564031019,0.771531845924729,5.72662785370547,-1.45194444574059e-05,0.18306564031019,0.771531845924729
2019-09-01,306.919047619048,0.128396030798576,0.796226888070734,5.72658402427796,-4.38294275104667e-05,0.128396030798576,0.796226888070734
2019-10-01,306.963636363636,0.0633983292132229,0.825455213275583,5.72672929224472,0.000145267966762397,0.0633983292132229,0.825455213275583
2019-11-01,306.952272727273,-0.0119274644458669,0.859216821539277,5.72669227207243,-3.70201722939001e-05,-0.0119274644458669,0.859216821539277
2019-12-01,306.95,-0.0975813501786951,0.897511712861817,5.72668486787351,-7.40419892242272e-06,-0.0975813501786951,0.897511712861817
2020-01-01,306.959090909091,-0.193563327985261,0.940339887243199,5.72671448434026,2.96164667581422e-05,-0.193563327985261,0.940339887243199
2020-02-01,306.955,-0.28154680764128,0.979599047092799,5.72670115703877,-1.33273014961688e-05,-0.28154680764128,0.979599047092799
2020-03-01,326.625,-0.361531789146752,1.01528919241062,5.78881272384078,0.0621115668020096,-0.361531789146752,1.01528919241062
2020-04-01,361,-0.433518272501677,1.04741032319665,5.88887795833288,0.100065234492104,-0.433518272501677,1.04741032319665
2020-05-01,361,-0.497506257706054,1.07596243945091,5.88887795833288,0,-0.497506257706054,1.07596243945091
2020-06-01,361,-0.553495744759884,1.10094554117338,5.88887795833288,0,-0.553495744759884,1.10094554117338
2020-07-01,377.190476190476,-0.601486733663167,1.12235962836407,5.93275030174086,0.0438723434079753,-0.601486733663167,1.12235962836407
2020-08-01,381,-0.641479224415902,1.14020470102298,5.9427993751267,0.0100490733858454,-0.641479224415902,1.14020470102298
2020-09-01,381,-0.673473217018091,1.15448075915011,5.9427993751267,0,-0.673473217018091,1.15448075915011
2020-10-01,381,-0.697468711469732,1.16518780274545,5.9427993751267,0,-0.697468711469732,1.16518780274545
2020-11-01,381,-0.713465707770826,1.17232583180902,5.9427993751267,0,-0.713465707770826,1.17232583180902
2020-12-01,381,-0.721464205921373,1.1758948463408,5.9427993751267,0,-0.721464205921373,1.1758948463408
